codigo,region,comuna,poblacion,personas_pobreza_por_ingresos,porcentaje_pobreza_por_ingresos_2022,limite_inferior_ingreso,limite_superior_ingreso,presencia_comuna_casen,tipo_de_estimacion_sae,porcentaje_pobreza_multidimensional_2022,limite_inferior_multidimensional,limite_superior_multidimensional
1101,Tarapacá,Iquique,229674.0,18122.0,0.07890380841254656,0.06490288337885841,0.0929047334462347,Sí,Directa y Sintética (Fay-Herriot),0.1827223205124273,0.1624292877673741,0.2030153532574805
1107,Tarapacá,Alto Hospicio,138527.0,21144.0,0.1526343951969381,0.1373972482743207,0.1678715421195554,Sí,Directa y Sintética (Fay-Herriot),0.3260190647401675,0.2947755370424121,0.3572625924379229
1401,Tarapacá,Pozo Almonte,18290.0,2805.0,0.1533439714492286,0.1155957665172323,0.191092176381225,Sí,Directa y Sintética (Fay-Herriot),0.249502204087565,0.1993335376656681,0.2996708705094618
1402,Tarapacá,Camiña,1380.0,332.0,0.2403646850427617,0.1613356061638178,0.3193937639217056,Sí,Sintética,0.2229181152258972,0.1377655331110766,0.3080706973407177
1403,Tarapacá,Colchane,1575.0,350.0,0.222535219863316,0.1473985390249558,0.2976719007016763,Sí,Sintética,0.3001604898924289,0.1874946670251581,0.4128263127596998
1404,Tarapacá,Huara,3072.0,555.0,0.1806587194051391,0.1328884113452651,0.2284290274650132,Sí,Directa y Sintética (Fay-Herriot),0.3856507222399186,0.3186929269041022,0.4526085175757349
1405,Tarapacá,Pica,6184.0,664.0,0.1073139711951238,0.06901734860922859,0.1456105937810189,Sí,Directa y Sintética (Fay-Herriot),0.1682191531164837,0.1194938039553859,0.2169445022775814
2101,Antofagasta,Antofagasta,438942.0,31748.0,0.07232800117803247,0.0575137347566364,0.08714226759942853,Sí,Directa y Sintética (Fay-Herriot),0.1665433860770091,0.1408523844010204,0.1922343877529977
2102,Antofagasta,Mejillones,15502.0,1107.0,0.07139740441053531,0.02361627246235982,0.1191785363587108,Sí,Sintética,0.1985396183560122,0.1265379135259108,0.2705413231861137
2103,Antofagasta,Sierra Gorda,1790.0,38.0,0.02106018445872439,0.0,0.05400818561046043,Sí,Sintética,0.164774377335013,0.07427177022234173,0.2552769844476843
2104,Antofagasta,Taltal,13892.0,1595.0,0.1148022160931823,0.07091958850758522,0.1586848436787793,Sí,Directa y Sintética (Fay-Herriot),0.2114705558481934,0.1399916561066677,0.2829494555897191
2201,Antofagasta,Calama,194772.0,15861.0,0.08143143364954893,0.06260678436029575,0.1002560829388021,Sí,Directa y Sintética (Fay-Herriot),0.1677233196328674,0.1405928807703646,0.1948537584953702
2202,Antofagasta,Ollagüe,277.0,24.0,0.08721221547732894,0.01064017280689068,0.1637842581477672,No,Sintética,0.1608481061808905,0.0721307083203344,0.2495655040414466
2203,Antofagasta,San Pedro De Atacama,10862.0,529.0,0.04873007866767889,0.02416158309551403,0.07329857423984375,Sí,Directa y Sintética (Fay-Herriot),0.2245942479535965,0.1790508305275014,0.2701376653796916
2301,Antofagasta,Tocopilla,28296.0,2951.0,0.1042763665480032,0.06634597290186289,0.1422067601941435,Sí,Directa y Sintética (Fay-Herriot),0.2051571437541616,0.1491876348370382,0.2611266526712849
2302,Antofagasta,María Elena,6647.0,369.0,0.05551379624560721,0.0,0.1195448046153366,Sí,Sintética,0.1517437187823854,0.07719200219157485,0.2262954353731959
3101,Atacama,Copiapó,174693.0,12635.0,0.07232720034645454,0.06013647624009284,0.08451792445281625,Sí,Directa y Sintética (Fay-Herriot),0.1982542830041192,0.179991867570217,0.2165166984380213
3102,Atacama,Caldera,19782.0,813.0,0.04111121416646405,0.01627929088312305,0.06594313744980505,Sí,Directa y Sintética (Fay-Herriot),0.1966349164476661,0.1526767116586407,0.2405931212366915
3103,Atacama,Tierra Amarilla,14407.0,990.0,0.06874896010670549,0.04264420866697707,0.0948537115464339,Sí,Directa y Sintética (Fay-Herriot),0.3451075486732856,0.2985089545799157,0.3917061427666555
3201,Atacama,Chañaral,13094.0,1501.0,0.1146199488480459,0.08515811152642969,0.1440817861696621,Sí,Directa y Sintética (Fay-Herriot),0.2279385710690415,0.1821454458660544,0.2737316962720285
3202,Atacama,Diego De Almagro,14082.0,800.0,0.05680425565407982,0.03363879853415188,0.07996971277400775,Sí,Directa y Sintética (Fay-Herriot),0.1893702187897611,0.1443216059294069,0.2344188316501153
3301,Atacama,Vallenar,57266.0,6143.0,0.1072782589700814,0.08833124101994491,0.1262252769202178,Sí,Directa y Sintética (Fay-Herriot),0.1651411853990985,0.140953251855693,0.1893291189425039
3302,Atacama,Alto Del Carmen,5763.0,868.0,0.1506112891152991,0.08682154458983893,0.2144010336407592,Sí,Sintética,0.2788362012505808,0.1888628126091477,0.3688095898920139
3303,Atacama,Freirina,7790.0,1043.0,0.1338693829029102,0.09098509928436943,0.176753666521451,Sí,Directa y Sintética (Fay-Herriot),0.2856815387228722,0.2237119498348349,0.3476511276109094
3304,Atacama,Huasco,11485.0,1306.0,0.1137412786295817,0.08258567297541919,0.1448968842837442,Sí,Directa y Sintética (Fay-Herriot),0.1780798713095849,0.1322629805585372,0.2238967620606325
4101,Coquimbo,La Serena,260599.0,15450.0,0.05928800605494077,0.04032018481557768,0.07825582729430386,Sí,Directa y Sintética (Fay-Herriot),0.1310480151568746,0.1019504774954469,0.1601455528183022
4102,Coquimbo,Coquimbo,268325.0,18956.0,0.07064430845317174,0.04782936576226912,0.09345925114407436,Sí,Directa y Sintética (Fay-Herriot),0.1672389298298226,0.1309203824980396,0.2035574771616055
4103,Coquimbo,Andacollo,11819.0,1235.0,0.1045025470539818,0.05047802994245102,0.1585270641655125,Sí,Sintética,0.1935300648998012,0.1307171477355873,0.256342982064015
4104,Coquimbo,La Higuera,4508.0,485.0,0.1074879738365082,0.04775947642203733,0.167216471250979,Sí,Sintética,0.2952978175183854,0.2272371408076023,0.3633584942291685
4105,Coquimbo,Paiguano,4695.0,389.0,0.08291957569137363,0.01857984664661025,0.147259304736137,Sí,Sintética,0.1513910515532162,0.09277706507730497,0.2100050380291275
4106,Coquimbo,Vicuña,30247.0,3301.0,0.1091485858372039,0.03894312574414806,0.1793540459302597,Sí,Sintética,0.1946513405863561,0.127520154514649,0.2617825266580632
4201,Coquimbo,Illapel,32965.0,2655.0,0.08052492714721493,0.03804154576276418,0.1230083085316657,Sí,Directa y Sintética (Fay-Herriot),0.1695929773890534,0.1066530461031585,0.2325329086749484
4202,Coquimbo,Canela,9535.0,1555.0,0.1631210174806921,0.1000160187249092,0.2262260162364751,Sí,Sintética,0.2388523174617273,0.167621229641327,0.3100834052821276
4203,Coquimbo,Los Vilos,24015.0,2030.0,0.08452426527605875,0.04289515998441207,0.1261533705677054,Sí,Directa y Sintética (Fay-Herriot),0.2092770702585449,0.1466570999054189,0.2718970406116709
4204,Coquimbo,Salamanca,29631.0,2699.0,0.09107566551334263,0.0463435328578527,0.1358077981688326,Sí,Directa y Sintética (Fay-Herriot),0.139901338223183,0.08180306965890699,0.1979996067874589
4301,Coquimbo,Ovalle,123252.0,11719.0,0.09508512477369883,0.0648883816591513,0.1252818678882464,Sí,Directa y Sintética (Fay-Herriot),0.1796808627650461,0.1338398558606737,0.2255218696694185
4302,Coquimbo,Combarbalá,13884.0,1527.0,0.1099473813298209,0.05288735452671151,0.1670074081329304,Sí,Sintética,0.2240293085764957,0.1509583805096637,0.2971002366433276
4303,Coquimbo,Monte Patria,32649.0,4169.0,0.127703937398395,0.0773581074164494,0.1780497673803406,Sí,Directa y Sintética (Fay-Herriot),0.2318508104896711,0.1597565443892275,0.3039450765901147
4304,Coquimbo,Punitaqui,12396.0,1793.0,0.1446494802443967,0.09539201276026514,0.1939069477285283,Sí,Directa y Sintética (Fay-Herriot),0.2677243463711331,0.1959310245218238,0.3395176682204425
4305,Coquimbo,Río Hurtado,4327.0,336.0,0.07767953788425436,0.02117700049758815,0.1341820752709206,Sí,Sintética,0.2282872877532421,0.1594459171044011,0.2971286584020831
5101,Valparaíso,Valparaíso,318916.0,23524.0,0.0737638728625354,0.05728020224977533,0.09024754347529546,Sí,Directa y Sintética (Fay-Herriot),0.1909628761191595,0.1578554228515525,0.2240703293867665
5102,Valparaíso,Casablanca,30028.0,2468.0,0.08220609441285881,0.04085056184673084,0.1235616269789868,Sí,Sintética,0.1961699827907604,0.1382542573677807,0.2540857082137402
5103,Valparaíso,Concón,47320.0,1286.0,0.02717759424605647,0.006608382298674432,0.04774680619343852,Sí,Directa y Sintética (Fay-Herriot),0.1340084487646285,0.08764104998391405,0.180375847545343
5104,Valparaíso,Juan Fernández,1081.0,27.0,0.02468741376426857,0.0,0.05649367497268101,No,Sintética,0.05628132704211828,0.003474379006566844,0.1090882750776697
5105,Valparaíso,Puchuncaví,20785.0,685.0,0.032935928149776,9.852659073395637e-05,0.06577332970881805,Sí,Sintética,0.3160004576916783,0.2520502861582655,0.3799506292250912
5107,Valparaíso,Quintero,37691.0,2911.0,0.07722161790161494,0.04333430211788411,0.1111089336853458,Sí,Directa y Sintética (Fay-Herriot),0.23414688344888,0.1768375143118757,0.2914562525858844
5109,Valparaíso,Viña Del Mar,367792.0,23824.0,0.06477586261320568,0.05021998618913614,0.07933173903727522,Sí,Directa y Sintética (Fay-Herriot),0.1489177403980404,0.1216498557102221,0.1761856250858586
5201,Valparaíso,Isla De Pascua,8656.0,470.0,0.05428690418611916,0.0122588425258553,0.09631496584638302,No,Sintética,0.1247600265828785,0.06028669034510653,0.1892333628206506
5301,Valparaíso,Los Andes,68637.0,5579.0,0.0812767492126049,0.05330856229228254,0.1092449361329273,Sí,Directa y Sintética (Fay-Herriot),0.1519413798212355,0.1097478507575514,0.1941349088849195
5302,Valparaíso,Calle Larga,17225.0,1205.0,0.06996361770481122,0.02726003172174456,0.1126672036878779,Sí,Sintética,0.1446940639104032,0.09198667172173722,0.1974014560990692
5303,Valparaíso,Rinconada,11739.0,953.0,0.08114642811420583,0.04981309042800197,0.1124797658004097,Sí,Directa y Sintética (Fay-Herriot),0.2509969172056229,0.1710821626122851,0.3309116717989606
5304,Valparaíso,San Esteban,21340.0,1808.0,0.08472797179083451,0.03992745354114592,0.1295284900405231,Sí,Sintética,0.2095939608760251,0.1420483647076359,0.2771395570444142
5401,Valparaíso,La Ligua,38178.0,3121.0,0.0817521029546143,0.04315756387858199,0.1203466420306466,Sí,Directa y Sintética (Fay-Herriot),0.2360825307452728,0.173539897708742,0.2986251637818036
5402,Valparaíso,Cabildo,20747.0,1853.0,0.089311136082706,0.05120575598052653,0.1274165161848854,Sí,Directa y Sintética (Fay-Herriot),0.2054373479217536,0.1404341140166527,0.2704405818268544
5403,Valparaíso,Papudo,6357.0,461.0,0.07253834912471409,0.03068154754790338,0.1143951507015248,Sí,Sintética,0.1885167222352841,0.1269751197699079,0.2500583247006604
5404,Valparaíso,Petorca,10606.0,481.0,0.04537729044804171,0.0,0.09219904660037373,Sí,Sintética,0.1645275509237039,0.1061067611451942,0.2229483407022136
5405,Valparaíso,Zapallar,8234.0,355.0,0.04306437608327314,0.02356423073951546,0.06256452142703081,Sí,Directa y Sintética (Fay-Herriot),0.2664368650991422,0.2237039027245007,0.3091698274737836
5501,Valparaíso,Quillota,99694.0,5282.0,0.05297922431878745,0.02629017598105831,0.07966827265651659,Sí,Directa y Sintética (Fay-Herriot),0.1548179568227342,0.1122152762148443,0.1974206374306241
5502,Valparaíso,Calera,53820.0,3817.0,0.07091313623489373,0.04202400140385032,0.09980227106593714,Sí,Directa y Sintética (Fay-Herriot),0.1672269428239748,0.1219209234303878,0.2125329622175618
5503,Valparaíso,Hijuelas,19342.0,1757.0,0.09084773723802529,0.05224880989667868,0.1294466645793719,Sí,Directa y Sintética (Fay-Herriot),0.223375759902125,0.1571639557636394,0.2895875640406106
5504,Valparaíso,La Cruz,26916.0,854.0,0.03173284322544457,0.009524397684138416,0.05394128876675072,Sí,Directa y Sintética (Fay-Herriot),0.13961148087308,0.0875920796311748,0.1916308821149851
5506,Valparaíso,Nogales,23603.0,1313.0,0.05562038074395192,0.008004656527356421,0.1032361049605474,Sí,Sintética,0.1507740114176979,0.09234542106869269,0.2092026017667031
5601,Valparaíso,San Antonio,97919.0,6493.0,0.06631099529915913,0.03767822289407891,0.09494376770423935,Sí,Directa y Sintética (Fay-Herriot),0.1421766789704198,0.09544195000193759,0.1889114079389021
5602,Valparaíso,Algarrobo,15724.0,953.0,0.06063867952141082,0.03171937574877912,0.08955798329404252,Sí,Directa y Sintética (Fay-Herriot),0.1958341211778206,0.1410234061062501,0.250644836249391
5603,Valparaíso,Cartagena,26416.0,1961.0,0.0742176240862708,0.0384539936977536,0.109981254474788,Sí,Directa y Sintética (Fay-Herriot),0.2836208815158964,0.2243312632579696,0.3429104997738232
5604,Valparaíso,El Quisco,18432.0,1651.0,0.08955603465692674,0.04854230128662518,0.1305697680272283,Sí,Directa y Sintética (Fay-Herriot),0.1172667245833501,0.05977093950331307,0.1747625096633872
5605,Valparaíso,El Tabo,14888.0,493.0,0.03309025582593765,0.005162496143078864,0.06101801550879644,Sí,Directa y Sintética (Fay-Herriot),0.2069859415587958,0.1383575038187683,0.2756143792988233
5606,Valparaíso,Santo Domingo,12364.0,739.0,0.05978177660742861,0.02153911519307496,0.09802443802178226,Sí,Sintética,0.1613014468356764,0.0961042232332168,0.2264986704381361
5701,Valparaíso,San Felipe,85576.0,6007.0,0.07020009159942014,0.04363950867693044,0.09676067452190985,Sí,Directa y Sintética (Fay-Herriot),0.1720309448127638,0.1303150031356471,0.2137468864898805
5702,Valparaíso,Catemu,15528.0,1870.0,0.1204219901044855,0.07258409646075405,0.168259883748217,Sí,Directa y Sintética (Fay-Herriot),0.1845712712210038,0.1253449284248796,0.2437976140171281
5703,Valparaíso,Llaillay,27021.0,2482.0,0.09185904888894914,0.0505937787885305,0.1331243189893678,Sí,Directa y Sintética (Fay-Herriot),0.1553861159047455,0.0984485850734419,0.2123236467360491
5704,Valparaíso,Panquehue,7762.0,737.0,0.09489930883376847,0.05549468149254421,0.1343039361749927,Sí,Directa y Sintética (Fay-Herriot),0.1825311779668508,0.12985300035703,0.2352093555766717
5705,Valparaíso,Putaendo,17884.0,1793.0,0.10026670029428,0.05078066133911004,0.14975273924945,Sí,Sintética,0.2318458256018698,0.1639449360750004,0.2997467151287392
5706,Valparaíso,Santa María,16746.0,1490.0,0.08900295579648335,0.05108955103539601,0.1269163605575707,Sí,Directa y Sintética (Fay-Herriot),0.1977829503860865,0.1347825853852909,0.260783315386882
5801,Valparaíso,Quilpué,171137.0,9494.0,0.05547451853066231,0.03623030812174348,0.07471872893958113,Sí,Directa y Sintética (Fay-Herriot),0.1603025276312196,0.1295312458943979,0.1910738093680413
5802,Valparaíso,Limache,51006.0,3508.0,0.0687725825529546,0.03710383736070731,0.1004413277452019,Sí,Directa y Sintética (Fay-Herriot),0.1761617545896549,0.1204031833085989,0.2319203258707109
5803,Valparaíso,Olmué,19878.0,1490.0,0.07496697583142214,0.04110909386656742,0.1088248577962769,Sí,Directa y Sintética (Fay-Herriot),0.2611433684465534,0.1960440417591566,0.3262426951339502
5804,Valparaíso,Villa Alemana,144303.0,6411.0,0.04442612322411763,0.02206137000027653,0.06679087644795874,Sí,Directa y Sintética (Fay-Herriot),0.1496365970013776,0.1104405164314985,0.1888326775712567
6101, O'Higgins,Rancagua,270994.0,17158.0,0.06331478989682579,0.04982878763330584,0.07680079216034574,Sí,Directa y Sintética (Fay-Herriot),0.1467860766126442,0.1252378222722944,0.1683343309529941
6102, O'Higgins,Codegua,14424.0,800.0,0.05548542612595471,0.01756098986606811,0.09340986238584131,Sí,Sintética,0.181508850542737,0.1265609418009689,0.2364567592845051
6103, O'Higgins,Coinco,7957.0,782.0,0.09821882569477522,0.05709593312920379,0.1393417182603466,Sí,Directa y Sintética (Fay-Herriot),0.2186544384888069,0.1659494193436343,0.2713594576339795
6104, O'Higgins,Coltauco,21816.0,2186.0,0.1002123568807099,0.0480802947216418,0.152344419039778,Sí,Sintética,0.1640428627989336,0.112573220841265,0.2155125047566022
6105, O'Higgins,Doñihue,23288.0,2110.0,0.09061546751777677,0.05576819150695216,0.1254627435286014,Sí,Directa y Sintética (Fay-Herriot),0.150522331716512,0.1053312177056306,0.1957134457273935
6106, O'Higgins,Graneros,37562.0,1980.0,0.05272534982380029,0.0256488153866445,0.07980188426095608,Sí,Directa y Sintética (Fay-Herriot),0.1326121310780797,0.08878018537908644,0.1764440767770729
6107, O'Higgins,Las Cabras,27350.0,2072.0,0.07577006188229371,0.03752785033825236,0.1140122734263351,Sí,Directa y Sintética (Fay-Herriot),0.1647209003832161,0.1073096187656661,0.2221321820007662
6108, O'Higgins,Machalí,62947.0,1915.0,0.03042403007836555,0.01033395350378445,0.05051410665294664,Sí,Directa y Sintética (Fay-Herriot),0.1288279502614129,0.09541661066193671,0.162239289860889
6109, O'Higgins,Malloa,14257.0,1396.0,0.09792245885499484,0.0479530072830021,0.1478919104269876,Sí,Sintética,0.1339766549633481,0.08208541435831554,0.1858678955683806
6110, O'Higgins,Mostazal,28147.0,2059.0,0.0731439871895892,0.04065955598270433,0.1056284183964741,Sí,Directa y Sintética (Fay-Herriot),0.2103144227321731,0.1543986165796644,0.2662302288846817
6111, O'Higgins,Olivar,14869.0,1184.0,0.07963365547352402,0.04265092202337759,0.1166163889236705,Sí,Directa y Sintética (Fay-Herriot),0.1843191227390378,0.1244678958362967,0.2441703496417789
6112, O'Higgins,Peumo,15001.0,1158.0,0.07718469751227644,0.0444438388145414,0.1099255562100115,Sí,Directa y Sintética (Fay-Herriot),0.1081426635227316,0.06264917745934104,0.1536361495861221
6113, O'Higgins,Pichidegua,20969.0,2290.0,0.1092073031580498,0.06380134883478177,0.1546132574813179,Sí,Directa y Sintética (Fay-Herriot),0.1304149837700122,0.07717728905578371,0.1836526784842407
6114, O'Higgins,Quinta De Tilcoco,14134.0,1277.0,0.09036315425912916,0.04139411274234476,0.1393321957759136,Sí,Sintética,0.1475476136345906,0.0944938769189314,0.2006013503502498
6115, O'Higgins,Rengo,65037.0,3534.0,0.05433068555487434,0.02900899821950213,0.07965237289024656,Sí,Directa y Sintética (Fay-Herriot),0.1356822423743538,0.09756565506669285,0.1737988296820148
6116, O'Higgins,Requínoa,31219.0,930.0,0.02979123229974102,0.005673943661597403,0.05390852093788463,Sí,Directa y Sintética (Fay-Herriot),0.1678949479353388,0.1176518876987606,0.218138008171917
6117, O'Higgins,San Vicente,51677.0,4754.0,0.09198570254079973,0.05544372935125415,0.1285276757303453,Sí,Directa y Sintética (Fay-Herriot),0.1713239198961732,0.1225158117830103,0.2201320280093362
6201, O'Higgins,Pichilemu,18463.0,1269.0,0.06872415195130183,0.03299913598525818,0.1044491679173455,Sí,Directa y Sintética (Fay-Herriot),0.1811798568147862,0.1203953054099906,0.2419644082195818
6202, O'Higgins,La Estrella,3105.0,302.0,0.09728368546986366,0.04255317367480543,0.1520141972649219,Sí,Sintética,0.1589648691103269,0.08864320396058165,0.2292865342600722
6203, O'Higgins,Litueche,6886.0,645.0,0.09372233190652567,0.04460083216599698,0.1428438316470544,Sí,Sintética,0.2784890455672739,0.2083098018279588,0.3486682893065891
6204, O'Higgins,Marchihue,7684.0,703.0,0.09152807931565488,0.04200118385030527,0.1410549747810045,Sí,Sintética,0.1672746329487706,0.1008400995581924,0.2337091663393488
6205, O'Higgins,Navidad,7050.0,868.0,0.1231394137656237,0.07707220373209231,0.169206623799155,Sí,Directa y Sintética (Fay-Herriot),0.2064829004379032,0.1376677770056039,0.2752980238702025
6206, O'Higgins,Paredones,6298.0,941.0,0.1493725761650852,0.08499296696379688,0.2137521853663735,Sí,Sintética,0.2119516198970477,0.1434701353596154,0.28043310443448
6301, O'Higgins,San Fernando,80197.0,5460.0,0.06808443290566933,0.04324543346101679,0.09292343235032187,Sí,Directa y Sintética (Fay-Herriot),0.1364157641574735,0.09872177668378133,0.1741097516311657
6302, O'Higgins,Chépica,16080.0,1426.0,0.08865056438840242,0.04371293743979553,0.1335881913370093,Sí,Directa y Sintética (Fay-Herriot),0.1635293464255572,0.1074688121588122,0.2195898806923021
6303, O'Higgins,Chimbarongo,38164.0,3254.0,0.08525440862625479,0.04873233068291179,0.1217764865695978,Sí,Directa y Sintética (Fay-Herriot),0.1745653840249027,0.1274497881716855,0.22168097987812
6304, O'Higgins,Lolol,7396.0,848.0,0.1145996711178917,0.05721428968332282,0.1719850525524605,Sí,Sintética,0.2201930221921328,0.1466032548823453,0.2937827895019203
6305, O'Higgins,Nancagua,19498.0,1738.0,0.08911187203227197,0.05401064510512136,0.1242130989594226,Sí,Directa y Sintética (Fay-Herriot),0.1551725270452553,0.1082078281495191,0.2021372259409914
6306, O'Higgins,Palmilla,13484.0,1095.0,0.08119808758839814,0.04164782822404778,0.1207483469527485,Sí,Directa y Sintética (Fay-Herriot),0.1814471049826391,0.1180329146289202,0.2448612953363581
6307, O'Higgins,Peralillo,12061.0,866.0,0.07181502243009433,0.0276663740217122,0.1159636708384765,Sí,Sintética,0.1578689958581813,0.1061879873008945,0.2095500044154681
6308, O'Higgins,Placilla,9244.0,887.0,0.09593949771363816,0.04191242133387801,0.1499665740933983,Sí,Sintética,0.1902561804393729,0.1313413364504519,0.2491710244282939
6309, O'Higgins,Pumanque,3523.0,436.0,0.1236410123484773,0.0656882112993892,0.1815938133975653,Sí,Sintética,0.1470926442698932,0.07657767821434089,0.2176076103254456
6310, O'Higgins,Santa Cruz,42033.0,2817.0,0.06701959379957936,0.0359260666160202,0.09811312098313853,Sí,Directa y Sintética (Fay-Herriot),0.1057750663535234,0.06136031817242975,0.150189814534617
7101,Maule,Talca,240239.0,13759.0,0.05727019677776846,0.04165687755027964,0.07288351600525728,Sí,Directa y Sintética (Fay-Herriot),0.1064248432373778,0.08827305494389742,0.1245766315308582
7102,Maule,Constitución,50536.0,5463.0,0.1081072542788957,0.07324391599485108,0.1429705925629403,Sí,Directa y Sintética (Fay-Herriot),0.1716681538620413,0.1235905557295869,0.2197457519944956
7103,Maule,Curepto,9255.0,1305.0,0.1409961701302721,0.08545458644956458,0.1965377538109797,Sí,Directa y Sintética (Fay-Herriot),0.1248884156947247,0.07252935229220589,0.1772474790972436
7104,Maule,Empedrado,4195.0,528.0,0.1258615159951405,0.06951626231903016,0.1822067696712508,Sí,Sintética,0.1810387600156589,0.1230684640318587,0.2390090559994591
7105,Maule,Maule,65590.0,5951.0,0.09072496036521659,0.0561326066160823,0.1253173141143509,Sí,Directa y Sintética (Fay-Herriot),0.1103678762469931,0.06915188343508288,0.1515838690589033
7106,Maule,Pelarco,9289.0,1094.0,0.1177984450149211,0.0666143371094145,0.1689825529204276,Sí,Sintética,0.2060063051451192,0.1469038727823959,0.2651087375078425
7107,Maule,Pencahue,8622.0,1008.0,0.1168547056300677,0.06446680591740428,0.1692426053427311,Sí,Sintética,0.2063081350629477,0.1369034308583228,0.2757128392675726
7108,Maule,Río Claro,14984.0,1409.0,0.0940344211187788,0.04203465829836723,0.1460341839391904,Sí,Sintética,0.2079968740283901,0.1451688329604097,0.2708249150963706
7109,Maule,San Clemente,47340.0,4984.0,0.1052914243377955,0.06711221813090507,0.1434706305446859,Sí,Directa y Sintética (Fay-Herriot),0.1803188109056239,0.1319553700368229,0.2286822517744249
7110,Maule,San Rafael,10231.0,1152.0,0.1126402723092326,0.0666465941662227,0.1586339504522424,Sí,Directa y Sintética (Fay-Herriot),0.1197787028133674,0.0687251930717376,0.1708322125549971
7201,Maule,Cauquenes,44334.0,5130.0,0.1157221024864185,0.07718489924303479,0.1542593057298022,Sí,Directa y Sintética (Fay-Herriot),0.1612264833012279,0.1135822377112621,0.2088707288911936
7202,Maule,Chanco,9287.0,1329.0,0.1431555836782915,0.09553573094902312,0.1907754364075599,Sí,Directa y Sintética (Fay-Herriot),0.2280337293486035,0.1671153050756049,0.288952153621602
7203,Maule,Pelluhue,8311.0,1063.0,0.1278868865740387,0.07588425154712145,0.179889521600956,Sí,Directa y Sintética (Fay-Herriot),0.2019016499091143,0.1386441622313138,0.2651591375869148
7301,Maule,Curicó,168469.0,12254.0,0.07273449639652813,0.0520500956113106,0.09341889718174565,Sí,Directa y Sintética (Fay-Herriot),0.174270016603429,0.1439792496665943,0.2045607835402636
7302,Maule,Hualañé,10231.0,942.0,0.09209534067128783,0.04109252703344079,0.1430981543091349,Sí,Sintética,0.1613148822912643,0.1041821900715131,0.2184475745110156
7303,Maule,Licantén,6994.0,514.0,0.07352908912802301,0.02610768714835025,0.1209504911076958,Sí,Sintética,0.1443029071057684,0.09667883150878848,0.1919269827027484
7304,Maule,Molina,51200.0,4030.0,0.07871885879024679,0.04357186907911285,0.1138658485013807,Sí,Directa y Sintética (Fay-Herriot),0.1792187669623471,0.1295451496892847,0.2288923842354095
7305,Maule,Rauco,11557.0,1210.0,0.1046940775833883,0.05357330095730965,0.1558148542094669,Sí,Sintética,0.1869603474046295,0.1274309675903246,0.2464897272189344
7306,Maule,Romeral,16637.0,1273.0,0.07650278340054337,0.03418486284735406,0.1188207039537327,Sí,Sintética,0.1638044877870572,0.1080721197136246,0.2195368558604897
7307,Maule,Sagrada Familia,19651.0,1722.0,0.08760605644640407,0.04046853768977472,0.1347435752030334,Sí,Sintética,0.1663596148994721,0.1052719436949354,0.2274472861040089
7308,Maule,Teno,31493.0,2374.0,0.0753906417667139,0.03558844434552545,0.1151928391879024,Sí,Directa y Sintética (Fay-Herriot),0.1871496463325077,0.1309587452732493,0.2433405473917662
7309,Maule,Vichuquén,4348.0,379.0,0.08721674240505135,0.03578613285293274,0.13864735195717,Sí,Sintética,0.2020057626313176,0.125443604060606,0.2785679212020292
7401,Maule,Linares,102909.0,9117.0,0.08859195521691694,0.06215739685832535,0.1150265135755085,Sí,Directa y Sintética (Fay-Herriot),0.1047177256301094,0.07105110917355464,0.1383843420866642
7402,Maule,Colbún,23140.0,2733.0,0.1181205973029969,0.07284535714512617,0.1633958374608677,Sí,Directa y Sintética (Fay-Herriot),0.2037950260841096,0.1469977624432477,0.2605922897249715
7403,Maule,Longaví,33333.0,3870.0,0.1161055510284763,0.06867929786993629,0.1635318041870163,Sí,Directa y Sintética (Fay-Herriot),0.2150522571608853,0.15750889577473,0.2725956185470407
7404,Maule,Parral,45211.0,4194.0,0.09277406472763614,0.0586620203653295,0.1268861090899428,Sí,Directa y Sintética (Fay-Herriot),0.1357331702205417,0.0948771241472666,0.1765892162938168
7405,Maule,Retiro,21331.0,2599.0,0.1218370057800926,0.07499970817714252,0.1686743033830427,Sí,Directa y Sintética (Fay-Herriot),0.1887671387886526,0.1253790836536372,0.2521551939236681
7406,Maule,San Javier,50703.0,4921.0,0.09705000274390138,0.05791159710042549,0.1361884083873773,Sí,Directa y Sintética (Fay-Herriot),0.1550942014328016,0.1072007530278332,0.20298764983777
7407,Maule,Villa Alegre,17835.0,1743.0,0.09774061287489391,0.04758490476838383,0.147896320981404,Sí,Sintética,0.1333261529497468,0.08077314090013174,0.1858791649993618
7408,Maule,Yerbas Buenas,19576.0,2265.0,0.1156975900531806,0.07058890833544573,0.1608062717709155,Sí,Directa y Sintética (Fay-Herriot),0.1674776312342532,0.10761194396026,0.2273433185082464
8101,Biobío,Concepción,239074.0,12926.0,0.05406677251173651,0.03934960989383889,0.06878393512963414,Sí,Directa y Sintética (Fay-Herriot),0.1147780254770943,0.09091721563978208,0.1386388353144065
8102,Biobío,Coronel,127830.0,8025.0,0.06277480748510066,0.03991798612992158,0.08563162884027972,Sí,Directa y Sintética (Fay-Herriot),0.1357765716343146,0.1040178629054844,0.1675352803631448
8103,Biobío,Chiguayante,91687.0,5236.0,0.05710676982139559,0.03256531920472641,0.08164822043806477,Sí,Directa y Sintética (Fay-Herriot),0.1086998656243048,0.07060367208695059,0.1467960591616589
8104,Biobío,Florida,11869.0,1279.0,0.1077854627772424,0.06072883908157788,0.1548420864729069,Sí,Directa y Sintética (Fay-Herriot),0.2743999992297454,0.20408284527148,0.3447171531880108
8105,Biobío,Hualqui,26558.0,2746.0,0.1033807937198529,0.06488665351994996,0.1418749339197559,Sí,Directa y Sintética (Fay-Herriot),0.2086274386008481,0.1550759870542639,0.2621788901474323
8106,Biobío,Lota,45553.0,3834.0,0.08415915034083185,0.05064345607654097,0.1176748446051227,Sí,Directa y Sintética (Fay-Herriot),0.1751600700905135,0.1250077970049433,0.2253123431760837
8107,Biobío,Penco,50090.0,3032.0,0.06053313693193336,0.03236075322371516,0.08870552064015155,Sí,Directa y Sintética (Fay-Herriot),0.1152410352340905,0.07650620994997756,0.1539758605182034
8108,Biobío,San Pedro De La Paz,150780.0,8172.0,0.05419591293707465,0.03528391685845134,0.07310790901569796,Sí,Directa y Sintética (Fay-Herriot),0.09453513253157869,0.06350352109705237,0.125566743966105
8109,Biobío,Santa Juana,14855.0,1902.0,0.1280438568771017,0.07486971138460086,0.1812180023696024,Sí,Sintética,0.1932417650525873,0.1419872277570938,0.2444963023480808
8110,Biobío,Talcahuano,158184.0,8040.0,0.0508274311371509,0.03089196743629725,0.07076289483800455,Sí,Directa y Sintética (Fay-Herriot),0.1055202428923566,0.08193601202912258,0.1291044737555906
8111,Biobío,Tomé,58999.0,4706.0,0.07976940720072444,0.05119282255226336,0.1083459918491855,Sí,Directa y Sintética (Fay-Herriot),0.153392936651816,0.1148284695229174,0.1919574037807145
8112,Biobío,Hualpén,97776.0,3144.0,0.03215565444671543,0.009351657529875716,0.05495965136355516,Sí,Directa y Sintética (Fay-Herriot),0.09681399100383505,0.0656170757163725,0.1280109062912976
8201,Biobío,Lebu,27138.0,2856.0,0.1052461122573942,0.0653336883724541,0.1451585361423343,Sí,Directa y Sintética (Fay-Herriot),0.2635464883090293,0.2081290555560091,0.3189639210620496
8202,Biobío,Arauco,38861.0,3574.0,0.09196337778997375,0.05274461773247197,0.1311821378474755,Sí,Directa y Sintética (Fay-Herriot),0.170527167685417,0.1160028872899019,0.2250514480809321
8203,Biobío,Cañete,37296.0,4950.0,0.1327324636700346,0.08525872135515339,0.1802062059849159,Sí,Directa y Sintética (Fay-Herriot),0.2725037414105536,0.2113715553835781,0.3336359274375292
8204,Biobío,Contulmo,6354.0,781.0,0.1229370962304697,0.07783385902340915,0.1680403334375302,Sí,Directa y Sintética (Fay-Herriot),0.2334205373874799,0.1725012549339182,0.2943398198410416
8205,Biobío,Curanilahue,33936.0,2879.0,0.08483693561802849,0.04705576150842185,0.1226181097276351,Sí,Directa y Sintética (Fay-Herriot),0.1982850550599733,0.1461800818293057,0.2503900282906409
8206,Biobío,Los Álamos,22801.0,2532.0,0.1110636110482628,0.06804448008921177,0.1540827420073138,Sí,Directa y Sintética (Fay-Herriot),0.1949182305379775,0.1372204436107944,0.2526160174651606
8207,Biobío,Tirúa,11078.0,2225.0,0.2008124298944406,0.148323044590407,0.2533018151984742,Sí,Directa y Sintética (Fay-Herriot),0.3412283249669039,0.2672520791419857,0.415204570791822
8301,Biobío,Los Ángeles,221851.0,18753.0,0.08453032224259051,0.06307609244131056,0.1059845520438705,Sí,Directa y Sintética (Fay-Herriot),0.1410373788294475,0.1138164522356473,0.1682583054232477
8302,Biobío,Antuco,4318.0,624.0,0.1445153956231243,0.08831283532855876,0.2007179559176898,Sí,Sintética,0.1357727680901923,0.09318362659180753,0.1783619095885771
8303,Biobío,Cabrero,30973.0,3206.0,0.1035195465766158,0.06209429129300163,0.1449448018602299,Sí,Directa y Sintética (Fay-Herriot),0.1696590997670865,0.1178546106024441,0.221463588931729
8304,Biobío,Laja,23909.0,2693.0,0.1126259380668065,0.06849416399755652,0.1567577121360565,Sí,Directa y Sintética (Fay-Herriot),0.1630933665450215,0.1113612362150306,0.2148254968750125
8305,Biobío,Mulchén,31099.0,3782.0,0.1216238491587788,0.07488276016839568,0.168364938149162,Sí,Directa y Sintética (Fay-Herriot),0.2250082407336402,0.1679607531639959,0.2820557283032845
8306,Biobío,Nacimiento,28003.0,3073.0,0.109726027871444,0.0647232688633718,0.1547287868795161,Sí,Directa y Sintética (Fay-Herriot),0.1190982975603903,0.07277949676570647,0.1654170983550742
8307,Biobío,Negrete,10527.0,1047.0,0.09945547522983768,0.05161355865719523,0.1472973918024801,Sí,Sintética,0.1479066971047656,0.09925314437429393,0.1965602498352372
8308,Biobío,Quilaco,4182.0,545.0,0.1302699543346095,0.07064961157338392,0.1898902970958351,Sí,Sintética,0.1791983659002294,0.1270491224193842,0.2313476093810746
8309,Biobío,Quilleco,10006.0,1349.0,0.1348236293186302,0.07547762647884637,0.194169632158414,Sí,Sintética,0.1798665491260707,0.123752239231999,0.2359808590201424
8310,Biobío,San Rosendo,3569.0,392.0,0.1097114228804065,0.05740073153752299,0.16202211422329,Sí,Sintética,0.1442366037432356,0.09027810679638046,0.1981951006900907
8311,Biobío,Santa Bárbara,14648.0,2159.0,0.1474064808854524,0.1008769983588821,0.1939359634120226,Sí,Directa y Sintética (Fay-Herriot),0.179607765447841,0.1170417671061055,0.2421737637895765
8312,Biobío,Tucapel,15340.0,1680.0,0.1095376758567159,0.06960075877074508,0.1494745929426868,Sí,Directa y Sintética (Fay-Herriot),0.1521601553846696,0.09992452497964277,0.2043957857896964
8313,Biobío,Yumbel,22180.0,2786.0,0.1255900304518519,0.07711934613172057,0.1740607147719833,Sí,Directa y Sintética (Fay-Herriot),0.1611046980422006,0.1043142693888636,0.2178951266955377
8314,Biobío,Alto Biobío,6784.0,1500.0,0.2211119832696153,0.1649575959693683,0.2772663705698623,Sí,Directa y Sintética (Fay-Herriot),0.3891185831387436,0.3186950036547996,0.4595421626226875
9101,La Araucanía,Temuco,307099.0,26372.0,0.08587311346858956,0.06982136054962226,0.1019248663875569,Sí,Directa y Sintética (Fay-Herriot),0.1386498346664029,0.1121150540363737,0.1651846152964321
9102,La Araucanía,Carahue,25516.0,4571.0,0.1791262112929498,0.1226242091059754,0.2356282134799242,Sí,Directa y Sintética (Fay-Herriot),0.3040528466908992,0.2408318658595924,0.367273827522206
9103,La Araucanía,Cunco,18059.0,2674.0,0.1480947838943408,0.1013924642179636,0.1947971035707179,Sí,Directa y Sintética (Fay-Herriot),0.1798340013016798,0.1231848214890727,0.2364831811142869
9104,La Araucanía,Curarrehue,7842.0,1193.0,0.1521925567262996,0.1050172819821224,0.1993678314704768,Sí,Directa y Sintética (Fay-Herriot),0.2310883451868623,0.1702157316626647,0.29196095871106
9105,La Araucanía,Freire,25479.0,3672.0,0.1441236436286287,0.09927604867605086,0.1889712385812066,Sí,Directa y Sintética (Fay-Herriot),0.2504313802928911,0.1866005656556518,0.3142621949301304
9106,La Araucanía,Galvarino,12594.0,2111.0,0.1675842073730385,0.1089143409680895,0.2262540737779875,Sí,Directa y Sintética (Fay-Herriot),0.399338288860634,0.3130028487414677,0.4856737289798003
9107,La Araucanía,Gorbea,15089.0,1925.0,0.12754527656974,0.08081258447133097,0.1742779686681491,Sí,Directa y Sintética (Fay-Herriot),0.1979370321525757,0.1346521293556297,0.2612219349495217
9108,La Araucanía,Lautaro,41460.0,3654.0,0.08813353056098992,0.05160237856763168,0.1246646825543482,Sí,Directa y Sintética (Fay-Herriot),0.1950039856942205,0.1403330438032899,0.2496749275851512
9109,La Araucanía,Loncoche,24780.0,3042.0,0.1227706099754267,0.07512205261540426,0.1704191673354491,Sí,Directa y Sintética (Fay-Herriot),0.1570289721390054,0.1032163660012202,0.2108415782767907
9110,La Araucanía,Melipeuco,6299.0,987.0,0.1566905777888791,0.1075860382194656,0.2057951173582926,Sí,Directa y Sintética (Fay-Herriot),0.1757631275205453,0.1203492042045437,0.2311770508365469
9111,La Araucanía,Nueva Imperial,34018.0,4364.0,0.1282838681912552,0.0839100707997666,0.1726576655827439,Sí,Directa y Sintética (Fay-Herriot),0.2358469572435264,0.1808606389465954,0.2908332755404574
9112,La Araucanía,Padre Las Casas,84144.0,10688.0,0.1270210990427323,0.0946588166378568,0.1593833814476078,Sí,Directa y Sintética (Fay-Herriot),0.1981529984749603,0.1524375579472194,0.2438684390027011
9113,La Araucanía,Perquenco,7259.0,1027.0,0.1414140149910871,0.08447818270664004,0.1983498472755342,Sí,Sintética,0.2323790597862453,0.1683713865649014,0.2963867330075893
9114,La Araucanía,Pitrufquén,26418.0,2820.0,0.1067562143921306,0.06688226138876563,0.1466301673954956,Sí,Directa y Sintética (Fay-Herriot),0.1753362090468202,0.127547961115566,0.2231244569780744
9115,La Araucanía,Pucón,30373.0,2477.0,0.08156309193863791,0.0489437666060273,0.1141824172712485,Sí,Directa y Sintética (Fay-Herriot),0.2007808323040329,0.1443996342486917,0.257162030359374
9116,La Araucanía,Saavedra,12717.0,3087.0,0.2427790507363581,0.1910868102485796,0.2944712912241365,Sí,Directa y Sintética (Fay-Herriot),0.4446117256808059,0.3614942493400774,0.5277292020215344
9117,La Araucanía,Teodoro Schmidt,15767.0,3143.0,0.1993382101295594,0.1455936503914618,0.2530827698676571,Sí,Directa y Sintética (Fay-Herriot),0.2592297182952448,0.1915264341896582,0.3269330024008313
9118,La Araucanía,Toltén,9981.0,1676.0,0.1678913118682342,0.1081563860231304,0.2276262377133381,Sí,Sintética,0.2672949053851563,0.1982196407508258,0.3363701700194869
9119,La Araucanía,Vilcún,31949.0,3742.0,0.1171375768691899,0.07291899811146801,0.1613561556269118,Sí,Directa y Sintética (Fay-Herriot),0.2274699305910103,0.1674464629511919,0.2874933982308288
9120,La Araucanía,Villarrica,60093.0,4612.0,0.07674309015865927,0.04849708893325918,0.1049890913840593,Sí,Directa y Sintética (Fay-Herriot),0.1569900574524313,0.1166882666717017,0.1972918482331609
9121,La Araucanía,Cholchol,12539.0,2469.0,0.1968788132237581,0.1431638618260788,0.2505937646214373,Sí,Directa y Sintética (Fay-Herriot),0.3651108177317344,0.2890305946103876,0.4411910408530813
9201,La Araucanía,Angol,56542.0,5104.0,0.09026620950091796,0.05724477856695159,0.1232876404348843,Sí,Directa y Sintética (Fay-Herriot),0.1963600674638373,0.1559255087373557,0.2367946261903189
9202,La Araucanía,Collipulli,26414.0,3470.0,0.1313837175107866,0.08531794113730161,0.1774494938842715,Sí,Directa y Sintética (Fay-Herriot),0.2207295548304465,0.1618715213464955,0.2795875883143975
9203,La Araucanía,Curacautín,18217.0,1991.0,0.1092938122360393,0.0673187800410801,0.1512688444309984,Sí,Directa y Sintética (Fay-Herriot),0.1889667081808378,0.1232889566502681,0.2546444597114075
9204,La Araucanía,Ercilla,8422.0,1503.0,0.1784881441824691,0.133746715863671,0.2232295725012671,Sí,Directa y Sintética (Fay-Herriot),0.4159821195200991,0.3610671128899473,0.470897126150251
9205,La Araucanía,Lonquimay,11091.0,2036.0,0.1836051616650008,0.1214714928475056,0.245738830482496,Sí,Directa y Sintética (Fay-Herriot),0.3196250733089366,0.2423340697327964,0.3969160768850769
9206,La Araucanía,Los Sauces,7494.0,1301.0,0.1735602636652928,0.1243836627381119,0.2227368645924736,Sí,Directa y Sintética (Fay-Herriot),0.2547271186018171,0.1957230998413272,0.313731137362307
9207,La Araucanía,Lumaco,9959.0,2138.0,0.2146869468141867,0.1561634963686915,0.273210397259682,Sí,Directa y Sintética (Fay-Herriot),0.341354691288683,0.2668973821650983,0.4158120004122677
9208,La Araucanía,Purén,12136.0,1571.0,0.1294895634365,0.08301652989693019,0.1759625969760698,Sí,Directa y Sintética (Fay-Herriot),0.3092650906976528,0.2450655931895495,0.3734645882057562
9209,La Araucanía,Renaico,10939.0,1365.0,0.1247576527893416,0.07199153473627493,0.1775237708424082,Sí,Sintética,0.1661970247749153,0.1091608610505319,0.2232331884992987
9210,La Araucanía,Traiguén,19278.0,2727.0,0.1414555179852079,0.09368053332929183,0.189230502641124,Sí,Directa y Sintética (Fay-Herriot),0.2114692834493723,0.1528828614454483,0.2700557054532963
9211,La Araucanía,Victoria,35534.0,5099.0,0.1434975133541408,0.1048031680048244,0.1821918587034571,Sí,Directa y Sintética (Fay-Herriot),0.1934026351309397,0.1397554305636272,0.2470498396982523
10101,Los Lagos,Puerto Montt,276525.0,17963.0,0.06496075205539688,0.05284901333834533,0.07707249077244843,Sí,Directa y Sintética (Fay-Herriot),0.1549817387771495,0.1255988837005868,0.1843645938537122
10102,Los Lagos,Calbuco,37293.0,3174.0,0.08510298443700641,0.04666509456226878,0.123540874311744,Sí,Directa y Sintética (Fay-Herriot),0.3312038814801961,0.2709373170992325,0.3914704458611598
10103,Los Lagos,Cochamó,3972.0,429.0,0.1079937247332228,0.05333522720534381,0.1626522222611018,No,Sintética,0.2273495510319352,0.135542940660471,0.3191561614033994
10104,Los Lagos,Fresia,12606.0,1413.0,0.1120609040367706,0.06732195369125205,0.1567998543822892,Sí,Directa y Sintética (Fay-Herriot),0.2855706635910681,0.2123176770378894,0.3588236501442468
10105,Los Lagos,Frutillar,20589.0,1202.0,0.05836224763555845,0.02766502644024352,0.08905946883087339,Sí,Directa y Sintética (Fay-Herriot),0.2031228134917048,0.1410431662201119,0.2652024607632977
10106,Los Lagos,Los Muermos,17826.0,2076.0,0.116458852845239,0.06924086073394989,0.1636768449565281,Sí,Directa y Sintética (Fay-Herriot),0.2922247036839122,0.2151792451267431,0.3692701622410813
10107,Los Lagos,Llanquihue,18775.0,1111.0,0.05916948740219628,0.01746046424060775,0.1008785105637848,Sí,Sintética,0.1795517139823419,0.1209279141430801,0.2381755138216037
10108,Los Lagos,Maullín,14796.0,1879.0,0.1269646823510594,0.0792348984400296,0.1746944662620891,Sí,Directa y Sintética (Fay-Herriot),0.3018116725949436,0.2276336141762403,0.375989731013647
10109,Los Lagos,Puerto Varas,50272.0,1063.0,0.02114984096160757,0.003532061420959923,0.03876762050225523,Sí,Directa y Sintética (Fay-Herriot),0.1399656981389983,0.0907301535771472,0.1892012427008494
10201,Los Lagos,Castro,48336.0,1559.0,0.03226115623962791,0.008504816274630733,0.05601749620462509,Sí,Directa y Sintética (Fay-Herriot),0.1821138994250152,0.1325531138215963,0.2316746850284341
10202,Los Lagos,Ancud,42489.0,2348.0,0.05525791917356562,0.0281490282384851,0.08236681010864613,Sí,Directa y Sintética (Fay-Herriot),0.2295276483630872,0.1758531284635055,0.2832021682626689
10203,Los Lagos,Chonchi,16180.0,1501.0,0.09279663915861067,0.04434443560967679,0.1412488427075445,Sí,Sintética,0.2844525905593493,0.2095820027838494,0.3593231783348492
10204,Los Lagos,Curaco De Vélez,4109.0,388.0,0.09454132406176127,0.0444096044099477,0.1446730437135748,Sí,Sintética,0.2633466625474813,0.1760583681160319,0.3506349569789308
10205,Los Lagos,Dalcahue,15316.0,1432.0,0.09349236410441326,0.04370593166141622,0.1432787965474103,Sí,Sintética,0.285809711329468,0.2111766420722981,0.360442780586638
10206,Los Lagos,Puqueldón,4192.0,744.0,0.177582537963943,0.1227504484095183,0.2324146275183678,Sí,Directa y Sintética (Fay-Herriot),0.2422483180793752,0.176386575347456,0.3081100608112944
10207,Los Lagos,Queilén,5544.0,680.0,0.1225810557964359,0.06866483636381153,0.1764972752290603,Sí,Sintética,0.2929986448372935,0.2024075918374287,0.3835896978371583
10208,Los Lagos,Quellón,29791.0,2685.0,0.09011758946437072,0.05350445211796125,0.1267307268107802,Sí,Directa y Sintética (Fay-Herriot),0.2990910400907058,0.2328280974172819,0.3653539827641297
10209,Los Lagos,Quemchi,8764.0,1085.0,0.1237815143860561,0.07341320407957592,0.1741498246925363,Sí,Directa y Sintética (Fay-Herriot),0.2341360343338149,0.1637915548691536,0.3044805137984762
10210,Los Lagos,Quinchao,8223.0,1023.0,0.1243995669858368,0.07573539799803591,0.1730637359736376,Sí,Directa y Sintética (Fay-Herriot),0.2524860988007638,0.1799475930205807,0.3250246045809469
10301,Los Lagos,Osorno,175275.0,10799.0,0.06161340893619202,0.04224888259423078,0.08097793527815325,Sí,Directa y Sintética (Fay-Herriot),0.1423975554903045,0.1093147453726444,0.1754803656079645
10302,Los Lagos,Puerto Octay,9108.0,686.0,0.0752986706991756,0.02992024378891709,0.1206770976094341,Sí,Sintética,0.3068151024440027,0.2356974959009808,0.3779327089870247
10303,Los Lagos,Purranque,21006.0,1804.0,0.08589213148773951,0.04912307289466823,0.1226611900808108,Sí,Directa y Sintética (Fay-Herriot),0.2581086143140769,0.1901512861352805,0.3260659424928734
10304,Los Lagos,Puyehue,11806.0,1129.0,0.09566143393676237,0.0465385663296471,0.1447843015438776,Sí,Sintética,0.2394532086292785,0.1726350831747306,0.3062713340838263
10305,Los Lagos,Río Negro,14160.0,1177.0,0.08309811343413728,0.0330018740593433,0.1331943528089313,Sí,Sintética,0.2302825542473828,0.1542824202278959,0.3062826882668697
10306,Los Lagos,San Juan De La Costa,7521.0,967.0,0.1285194389222041,0.08111565783781083,0.1759232200065973,Sí,Directa y Sintética (Fay-Herriot),0.3886530668830446,0.3144550463968893,0.4628510873691998
10307,Los Lagos,San Pablo,10546.0,1036.0,0.09825033302033162,0.05730126418389535,0.1391994018567679,Sí,Directa y Sintética (Fay-Herriot),0.255344153589068,0.1920148554484133,0.3186734517297227
10401,Los Lagos,Chaitén,5052.0,452.0,0.08950986712718918,0.03835242582558416,0.1406673084287942,No,Sintética,0.2469898153169616,0.1645639484074156,0.3294156822265076
10402,Los Lagos,Futaleufú,2872.0,161.0,0.05599040419100522,0.01195583706526606,0.1000249713167444,No,Sintética,0.2272631186649464,0.1450237974948835,0.3095024398350092
10403,Los Lagos,Hualaihué,9556.0,990.0,0.1035540993190805,0.05002970386992459,0.1570784947682365,No,Sintética,0.2618400702035827,0.1777470525873074,0.3459330878198579
10404,Los Lagos,Palena,1821.0,166.0,0.09120230295373533,0.04232957814637565,0.140075027761095,No,Sintética,0.2052198565786676,0.1290423015534412,0.281397411603894
11101,Aysén,Coyhaique,61766.0,1781.0,0.02883525854633565,0.02083166167097903,0.03683885542169227,Sí,Directa y Sintética (Fay-Herriot),0.1396166217967637,0.1231101487152211,0.1561230948783063
11102,Aysén,Lago Verde,913.0,8.0,0.008747026712438896,0.0,0.03557941692713222,Sí,Sintética,0.1795139790829317,0.09708257037754106,0.2619453877883223
11201,Aysén,Aysén,25100.0,1325.0,0.05279856301700174,0.0373685011257815,0.06822862490822199,Sí,Directa y Sintética (Fay-Herriot),0.1279709578340417,0.100818440536214,0.1551234751318694
11202,Aysén,Cisnes,5862.0,290.0,0.04951588699475602,0.006519194831252441,0.09251257915825958,Sí,Sintética,0.123008957507306,0.0800238352853443,0.1659940797292676
11203,Aysén,Guaitecas,1606.0,97.0,0.06050256021365802,0.01066588268595407,0.110339237741362,No,Sintética,0.2215444599908279,0.1295757430415869,0.3135131769400689
11301,Aysén,Cochrane,3722.0,236.0,0.06328163927296156,0.01614081329061677,0.1104224652553063,Sí,Sintética,0.1434959574207131,0.08528735264311157,0.2017045621983146
11302,Aysén,O’higgins,672.0,62.0,0.09157446235094517,0.001554405287811783,0.1815945194140786,No,Sintética,0.1211248795877308,0.02784671495755926,0.2144030442179023
11303,Aysén,Tortel,574.0,26.0,0.04592469714109936,0.0,0.09336785093060075,Sí,Sintética,0.1229530397493346,0.0518597271747384,0.1940463523239307
11401,Aysén,Chile Chico,5143.0,319.0,0.06202078241138624,0.009592250712347428,0.1144493141104251,Sí,Sintética,0.1634580893863592,0.08370295824940645,0.2432132205233119
11402,Aysén,Río Ibáñez,2705.0,189.0,0.06984797922222956,0.01795456533682601,0.1217413931076331,Sí,Sintética,0.1884343834013771,0.09412906185296695,0.2827397049497872
12101,Magallanes,Punta Arenas,144415.0,5055.0,0.03500057934797781,0.02799449609344783,0.04200666260250779,Sí,Directa y Sintética (Fay-Herriot),0.07077180810615799,0.06139509321627994,0.08014852299603603
12102,Magallanes,Laguna Blanca,257.0,6.0,0.02250673905537242,0.0,0.06862948957272061,Sí,Sintética,0.003528202819638844,0.0,0.02143193710817341
12103,Magallanes,Río Verde,207.0,6.0,0.02818903550709916,0.0,0.07259592167405732,Sí,Sintética,0.00113315823170617,0.0,0.01460219210327682
12104,Magallanes,San Gregorio,662.0,53.0,0.08059834822323776,0.008991409257623262,0.1522052871888523,Sí,Sintética,0.09400324020107975,0.001220524865916131,0.1867859555362434
12201,Magallanes,Cabo De Hornos,1977.0,23.0,0.01186221304315507,0.0,0.03566263392065866,Sí,Sintética,0.01579517402425431,0.0,0.04438887381423555
12301,Magallanes,Porvenir,7528.0,273.0,0.03627486931911551,0.01731485840923465,0.05523488022899638,Sí,Directa y Sintética (Fay-Herriot),0.1241992575148237,0.08981543549050718,0.1585830795391403
12302,Magallanes,Primavera,684.0,9.0,0.01296169787156448,0.0,0.03435617590942012,Sí,Sintética,0.07967007989501303,0.0222992398732781,0.1370409199167479
12303,Magallanes,Timaukel,265.0,17.0,0.06433886185884925,0.01455147718698641,0.1141262465307121,Sí,Sintética,0.03427412226890711,0.0,0.07829410367156922
12401,Magallanes,Natales,24339.0,755.0,0.03103493984765365,0.01600101154601625,0.04606886814929105,Sí,Directa y Sintética (Fay-Herriot),0.04613839391734731,0.02108152674548261,0.07119526108921201
12402,Magallanes,Torres Del Paine,1057.0,56.0,0.05271174535144489,0.005624668193631832,0.09979882250925795,Sí,Sintética,0.0333390799061517,0.0,0.08554590877615484
13101,Metropolitana,Santiago,530538.0,20504.0,0.03864781172163236,0.01845423742523857,0.05884138601802615,Sí,Directa y Sintética (Fay-Herriot),0.164653734141174,0.108765166880272,0.220542301402076
13102,Metropolitana,Cerrillos,89907.0,4701.0,0.05228701117757076,0.02071465968862034,0.08385936266652116,Sí,Directa y Sintética (Fay-Herriot),0.2255374730245521,0.1585008138299894,0.2925741322191148
13103,Metropolitana,Cerro Navia,141122.0,8486.0,0.06013533802509001,0.02625186828402971,0.0940188077661503,Sí,Directa y Sintética (Fay-Herriot),0.2302281789574101,0.1620913956399039,0.2983649622749164
13104,Metropolitana,Conchalí,138230.0,8404.0,0.06079947209369204,0.02777361655171998,0.0938253276356641,Sí,Directa y Sintética (Fay-Herriot),0.187201896725848,0.1238011868965875,0.2506026065551085
13105,Metropolitana,El Bosque,170902.0,10593.0,0.06198237259124578,0.03180279411435781,0.09216195106813374,Sí,Directa y Sintética (Fay-Herriot),0.1747738027596023,0.1194955835150284,0.2300520220041761
13106,Metropolitana,Estación Central,218525.0,11019.0,0.05042396159541926,0.02142729878101082,0.0794206244098277,Sí,Directa y Sintética (Fay-Herriot),0.2281163588444093,0.1700745557532161,0.2861581619356025
13107,Metropolitana,Huechuraba,116377.0,4977.0,0.04276557208513348,0.01460415338909637,0.07092699078117058,Sí,Directa y Sintética (Fay-Herriot),0.1864442546840797,0.125224029099259,0.2476644802689003
13108,Metropolitana,Independencia,150807.0,8798.0,0.0583398308206952,0.02322468610012406,0.09345497554126633,Sí,Directa y Sintética (Fay-Herriot),0.2241661693493683,0.1568854928007953,0.2914468458979414
13109,Metropolitana,La Cisterna,101315.0,4146.0,0.04092312857712747,0.01631316151615744,0.0655330956380975,Sí,Directa y Sintética (Fay-Herriot),0.1347279203860801,0.07852809004030532,0.1909277507318549
13110,Metropolitana,La Florida,406402.0,14346.0,0.03529903004289563,0.01658344214696651,0.05401461793882475,Sí,Directa y Sintética (Fay-Herriot),0.1315624336137105,0.09210912431468019,0.1710157429127408
13111,Metropolitana,La Granja,120772.0,7283.0,0.06030167960083704,0.02834047079183522,0.09226288840983887,Sí,Directa y Sintética (Fay-Herriot),0.223084879179912,0.1570391164478729,0.2891306419119511
13112,Metropolitana,La Pintana,189224.0,17586.0,0.09293843186111617,0.0606160170973024,0.1252608466249299,Sí,Directa y Sintética (Fay-Herriot),0.2699824915275631,0.2128074813261815,0.3271575017289447
13113,Metropolitana,La Reina,99946.0,1602.0,0.01602711747203892,0.0002124173112577898,0.03184181763282005,Sí,Directa y Sintética (Fay-Herriot),0.04898036297931806,0.01471340609587828,0.08324731986275784
13114,Metropolitana,Las Condes,339547.0,3088.0,0.009093252219182184,0.0,0.02198203089396757,Sí,Directa y Sintética (Fay-Herriot),0.04432177075426694,0.0188465364394295,0.06979700506910438
13115,Metropolitana,Lo Barnechea,128997.0,1165.0,0.009028313249676453,0.0,0.02240583153825667,Sí,Directa y Sintética (Fay-Herriot),0.1088800332236285,0.06393626697367952,0.1538237994735775
13116,Metropolitana,Lo Espejo,102145.0,6927.0,0.067816947929765,0.02886224541962142,0.1067716504399086,Sí,Directa y Sintética (Fay-Herriot),0.2878065809478786,0.2151864072214393,0.3604267546743178
13117,Metropolitana,Lo Prado,103390.0,5507.0,0.05326684737949042,0.02087189735701343,0.0856617974019674,Sí,Directa y Sintética (Fay-Herriot),0.1932317289685201,0.1262453143460014,0.2602181435910388
13118,Metropolitana,Macul,137336.0,4772.0,0.03474735460906117,0.01105469062962618,0.05844001858849616,Sí,Directa y Sintética (Fay-Herriot),0.1344623981341168,0.08102906299390829,0.1878957332743254
13119,Metropolitana,Maipú,585951.0,19051.0,0.03251240739781768,0.01672289293515045,0.04830192186048492,Sí,Directa y Sintética (Fay-Herriot),0.1484350729123425,0.112277944825555,0.18459220099913
13120,Metropolitana,Ñuñoa,261138.0,3888.0,0.01488843954831383,0.0009518860411394658,0.02882499305548819,Sí,Directa y Sintética (Fay-Herriot),0.05168305952236074,0.01834256589269396,0.08502355315202753
13121,Metropolitana,Pedro Aguirre Cerda,106065.0,5805.0,0.05473172882253488,0.02491512007028301,0.08454833757478675,Sí,Directa y Sintética (Fay-Herriot),0.2017407167822362,0.1395420576969925,0.2639393758674798
13122,Metropolitana,Peñalolén,271089.0,8788.0,0.03241671332301811,0.009643205050035079,0.05519022159600113,Sí,Directa y Sintética (Fay-Herriot),0.1664386719004848,0.1127487640849803,0.2201285797159893
13123,Metropolitana,Providencia,162013.0,2142.0,0.01321907454820707,0.0,0.02769214158533613,Sí,Directa y Sintética (Fay-Herriot),0.0432319776550672,0.01521777858474536,0.07124617672538905
13124,Metropolitana,Pudahuel,259195.0,11317.0,0.04366049437083934,0.0201103452972619,0.06721064344441678,Sí,Directa y Sintética (Fay-Herriot),0.1687675647047248,0.120234978957149,0.2173001504523006
13125,Metropolitana,Quilicura,268706.0,14033.0,0.05222290357877869,0.0257750232617973,0.07867078389576007,Sí,Directa y Sintética (Fay-Herriot),0.1704715356960316,0.1174849310138876,0.2234581403781755
13126,Metropolitana,Quinta Normal,140381.0,3017.0,0.02149306262533348,0.001612883539216972,0.04137324171144999,Sí,Directa y Sintética (Fay-Herriot),0.1968067370077515,0.1376111645422187,0.2560023094732843
13127,Metropolitana,Recoleta,195514.0,10048.0,0.05139075533829257,0.02182977221342387,0.08095173846316128,Sí,Directa y Sintética (Fay-Herriot),0.2116011207242852,0.1521622917270326,0.2710399497215378
13128,Metropolitana,Renca,162638.0,8555.0,0.05259981245097571,0.02182082841131838,0.08337879649063304,Sí,Directa y Sintética (Fay-Herriot),0.1949707224376312,0.1315204779771498,0.2584209668981126
13129,Metropolitana,San Joaquín,103586.0,5013.0,0.0483953477287964,0.02122633517879712,0.07556436027879568,Sí,Directa y Sintética (Fay-Herriot),0.1961400511313466,0.137684524896607,0.2545955773660862
13130,Metropolitana,San Miguel,140870.0,3061.0,0.02172713863999223,0.002159621799851803,0.04129465548013265,Sí,Directa y Sintética (Fay-Herriot),0.1291992903205972,0.08265367826325656,0.1757449023779377
13131,Metropolitana,San Ramón,84926.0,5845.0,0.0688212635197568,0.0311773458774738,0.1064651811620398,Sí,Directa y Sintética (Fay-Herriot),0.1917304962688529,0.1309846232893893,0.2524763692483164
13132,Metropolitana,Vitacura,97546.0,869.0,0.008910462349418486,0.0,0.02527839947513168,Sí,Directa y Sintética (Fay-Herriot),0.02442412161623575,0.0,0.05094428057596398
13201,Metropolitana,Puente Alto,661900.0,33344.0,0.05037591991445491,0.03111469980230841,0.0696371400266014,Sí,Directa y Sintética (Fay-Herriot),0.1892049811057004,0.1449389916607907,0.2334709705506102
13202,Metropolitana,Pirque,32041.0,879.0,0.0274316427999483,0.00445636622777815,0.05040691937211846,Sí,Directa y Sintética (Fay-Herriot),0.1941792288877673,0.1335467507662409,0.2548117070092937
13203,Metropolitana,San José De Maipo,19211.0,901.0,0.04689598567114111,0.02025994251315377,0.07353202882912846,Sí,Directa y Sintética (Fay-Herriot),0.2440089148096033,0.1803434031716187,0.307674426447588
13301,Metropolitana,Colina,191338.0,9775.0,0.05108815662595628,0.01950440294301878,0.08267191030889377,Sí,Directa y Sintética (Fay-Herriot),0.2457695820120488,0.1726443636041333,0.3188948004199643
13302,Metropolitana,Lampa,137016.0,6779.0,0.04947952348252533,0.01930213774882851,0.07965690921622215,Sí,Directa y Sintética (Fay-Herriot),0.2560550690784594,0.1912356336306325,0.3208745045262864
13303,Metropolitana,Tiltil,22110.0,1339.0,0.06056984286123209,0.02792871968016581,0.09321096604229837,Sí,Directa y Sintética (Fay-Herriot),0.2891258389259906,0.2081479111392028,0.3701037667127784
13401,Metropolitana,San Bernardo,343570.0,20568.0,0.05986493034340202,0.03590051781627022,0.08382934287053381,Sí,Directa y Sintética (Fay-Herriot),0.187083020315408,0.1403679038155277,0.2337981368152884
13402,Metropolitana,Buin,114827.0,5107.0,0.04447211428019435,0.01763641462412652,0.07130781393626218,Sí,Directa y Sintética (Fay-Herriot),0.1912057793361563,0.1334395515777644,0.2489720070945482
13403,Metropolitana,Calera De Tango,29640.0,1033.0,0.0348457722236984,0.003237447257535456,0.06645409718986134,Sí,Sintética,0.1858358530233206,0.1224645520826104,0.2492071539640308
13404,Metropolitana,Paine,86258.0,5059.0,0.05865172168423877,0.02362586180016163,0.0936775815683159,Sí,Directa y Sintética (Fay-Herriot),0.2094850900412792,0.1427308507374268,0.2762393293451317
13501,Metropolitana,Melipilla,146241.0,11073.0,0.07571759130661093,0.04114088135796114,0.1102943012552607,Sí,Directa y Sintética (Fay-Herriot),0.2281134898446986,0.1657818370342536,0.2904451426551437
13502,Metropolitana,Alhué,7691.0,739.0,0.09612156911785098,0.05886223309454344,0.1333809051411585,Sí,Directa y Sintética (Fay-Herriot),0.2911035118064121,0.225365245184072,0.3568417784287523
13503,Metropolitana,Curacaví,37653.0,2258.0,0.05996458962717061,0.02532092632793905,0.09460825292640218,Sí,Sintética,0.258418715898418,0.1897572767038516,0.3270801550929844
13504,Metropolitana,María Pinto,15382.0,1125.0,0.07313724231518924,0.03683059216055757,0.1094438924698209,Sí,Directa y Sintética (Fay-Herriot),0.2715921479932036,0.2013649538313918,0.3418193421550155
13505,Metropolitana,San Pedro,12336.0,1739.0,0.1409629534176342,0.0829690569056863,0.1989568499295821,Sí,Sintética,0.3192779104468019,0.2308651849183191,0.4076906359752847
13601,Metropolitana,Talagante,84153.0,5268.0,0.06260472900926935,0.03162741189196751,0.09358204612657117,Sí,Directa y Sintética (Fay-Herriot),0.1698984462018954,0.1109702819285357,0.2288266104752551
13602,Metropolitana,El Monte,41392.0,2929.0,0.07076505082053658,0.03116518220528618,0.110364919435787,Sí,Sintética,0.2296377699192857,0.15655335577225,0.3027221840663215
13603,Metropolitana,Isla De Maipo,41550.0,2668.0,0.06421486711607165,0.025781010390648,0.1026487238414953,Sí,Sintética,0.2287667987089983,0.1620871463012831,0.2954464511167134
13604,Metropolitana,Padre Hurtado,78847.0,2882.0,0.03655584922106305,0.005050160562729063,0.06806153787939703,Sí,Directa y Sintética (Fay-Herriot),0.1955494940972744,0.1353455605286589,0.2557534276658898
13605,Metropolitana,Peñaflor,104684.0,7672.0,0.07328609476344701,0.03968529946371672,0.1068868900631773,Sí,Directa y Sintética (Fay-Herriot),0.1513094900503816,0.0952979876321855,0.2073209924685777
14101,Los Ríos,Valdivia,180022.0,6170.0,0.03427153340337798,0.0268972268617336,0.04164583994502236,Sí,Directa y Sintética (Fay-Herriot),0.1386223017888399,0.1220519581513851,0.1551926454262947
14102,Los Ríos,Corral,5427.0,412.0,0.07590002571204192,0.02829431935034336,0.1235057320737405,Sí,Sintética,0.2320288569132301,0.1514336369222084,0.3126240769042519
14103,Los Ríos,Lanco,17906.0,705.0,0.03936703602337878,0.01765006410415534,0.06108400794260221,Sí,Directa y Sintética (Fay-Herriot),0.1561648214119377,0.1119886621952224,0.2003409806286529
14104,Los Ríos,Los Lagos,20525.0,1382.0,0.06734383166378613,0.04023849289165898,0.09444917043591328,Sí,Directa y Sintética (Fay-Herriot),0.2411874646691474,0.1973879469936624,0.2849869823446325
14105,Los Ríos,Máfil,7387.0,529.0,0.07160232668735984,0.04303607827711758,0.1001685750976021,Sí,Directa y Sintética (Fay-Herriot),0.2291606508370504,0.1453799967390456,0.3129413049350552
14106,Los Ríos,Mariquina,23720.0,1863.0,0.07853280025599274,0.05156865849410237,0.1054969420178831,Sí,Directa y Sintética (Fay-Herriot),0.2655911389224059,0.2212537674924152,0.3099285103523967
14107,Los Ríos,Paillaco,20889.0,1343.0,0.06430781984936271,0.04216072433072256,0.08645491536800284,Sí,Directa y Sintética (Fay-Herriot),0.1721009073093174,0.135499127291373,0.2087026873272619
14108,Los Ríos,Panguipulli,36145.0,3686.0,0.1019868755754151,0.07859761606387375,0.1253761350869564,Sí,Directa y Sintética (Fay-Herriot),0.2510161159840891,0.2169205641320122,0.285111667836166
14201,Los Ríos,La Unión,39640.0,3431.0,0.08654895810147722,0.06929003058254346,0.103807885620411,Sí,Directa y Sintética (Fay-Herriot),0.1858749758873568,0.1564591053875531,0.2152908463871605
14202,Los Ríos,Futrono,15228.0,1418.0,0.09314674753172754,0.06502665504506464,0.1212668400183904,Sí,Directa y Sintética (Fay-Herriot),0.1907634908429269,0.1488715658491552,0.2326554158366987
14203,Los Ríos,Lago Ranco,10287.0,1273.0,0.1237322296459419,0.066461544865412,0.1810029144264718,Sí,Sintética,0.3544857319170339,0.2966478191201943,0.4123236447138734
14204,Los Ríos,Río Bueno,32950.0,1885.0,0.05719854029049724,0.03733956811659201,0.07705751246440248,Sí,Directa y Sintética (Fay-Herriot),0.2103033904954631,0.1760520535716833,0.244554727419243
15101,Arica y Parinacota,Arica,253909.0,23195.0,0.09135003106037655,0.08097053492202108,0.101729527198732,Sí,Directa y Sintética (Fay-Herriot),0.1834113930770417,0.1653020706430389,0.2015207155110446
15102,Arica y Parinacota,Camarones,1242.0,156.0,0.1258451737359476,0.05284672513244341,0.1988436223394519,Sí,Sintética,0.3704037536250898,0.2161422474872693,0.5246652597629102
15201,Arica y Parinacota,Putre,2152.0,158.0,0.07345577825952668,0.009195362256248854,0.1377161942628045,Sí,Sintética,0.3087604023654103,0.1869326702558034,0.4305881344750172
15202,Arica y Parinacota,General Lagos,668.0,142.0,0.212383442279538,0.1114254692130844,0.3133414153459915,Sí,Sintética,0.5863894708556825,0.4346801505212875,0.7380987911900775
16101,Ñuble,Chillán,202038.0,21239.0,0.1051217978621383,0.08828746325869134,0.1219561324655853,Sí,Directa y Sintética (Fay-Herriot),0.1269630985938948,0.1061674932019092,0.1477587039858804
16102,Ñuble,Bulnes,22711.0,2894.0,0.1274120374413699,0.09037587813647639,0.1644481967462634,Sí,Directa y Sintética (Fay-Herriot),0.100806620749028,0.05764121237435757,0.1439720291236985
16103,Ñuble,Chillán Viejo,34933.0,2985.0,0.08546019802774647,0.05476452296641842,0.1161558730890745,Sí,Directa y Sintética (Fay-Herriot),0.1522176825661911,0.1150336695790445,0.1894016955533376
16104,Ñuble,El Carmen,12263.0,1830.0,0.1492478148913714,0.09621780596041941,0.2022778238223234,Sí,Directa y Sintética (Fay-Herriot),0.1895754763471514,0.1322839507036309,0.2468670019906718
16105,Ñuble,Pemuco,8605.0,1636.0,0.1901762109141105,0.1454646800711226,0.2348877417570985,Sí,Directa y Sintética (Fay-Herriot),0.2008643254940415,0.1274839142518112,0.2742447367362718
16106,Ñuble,Pinto,12064.0,1239.0,0.1026716429003472,0.05791005927338682,0.1474332265273077,Sí,Directa y Sintética (Fay-Herriot),0.2245620692918464,0.1665655909126703,0.2825585476710225
16107,Ñuble,Quillón,19102.0,3050.0,0.159685311127159,0.120567086199443,0.1988035360548751,Sí,Directa y Sintética (Fay-Herriot),0.120027699525152,0.07307834842757308,0.1669770506227309
16108,Ñuble,San Ignacio,16621.0,2616.0,0.1573774854850437,0.1077351333965701,0.2070198375735173,Sí,Directa y Sintética (Fay-Herriot),0.2163537142062218,0.1658912596433723,0.2668161687690714
16109,Ñuble,Yungay,18748.0,2031.0,0.1083309460468144,0.07164974559362325,0.1450121465000055,Sí,Directa y Sintética (Fay-Herriot),0.1284612256150411,0.08647537962511986,0.1704470716049623
16201,Ñuble,Quirihue,12228.0,950.0,0.07766195598490269,0.03982445304033678,0.1154994589294686,Sí,Directa y Sintética (Fay-Herriot),0.189286705957747,0.1406840454696593,0.2378893664458347
16202,Ñuble,Cobquecura,5248.0,1000.0,0.1905337466302314,0.1221142397768714,0.2589532534835913,Sí,Sintética,0.2426675062628528,0.1582157027648655,0.3271193097608401
16203,Ñuble,Coelemu,16888.0,2203.0,0.1304629702648099,0.08784515446377779,0.173080786065842,Sí,Directa y Sintética (Fay-Herriot),0.1842682709137559,0.1339108853307124,0.2346256564967995
16204,Ñuble,Ninhue,5377.0,867.0,0.1612982869088716,0.1016998279729627,0.2208967458447804,Sí,Sintética,0.2138532306402699,0.1302236780707359,0.2974827832098039
16205,Ñuble,Portezuelo,4899.0,740.0,0.1511123302857005,0.09309601839476783,0.2091286421766332,Sí,Sintética,0.2079587436321335,0.1455620715146966,0.2703554157495703
16206,Ñuble,Ránquil,6285.0,1054.0,0.1677266580250115,0.1213494734845233,0.2141038425654997,Sí,Directa y Sintética (Fay-Herriot),0.1545919984533925,0.0833468950982832,0.2258371018085019
16207,Ñuble,Treguaco,5747.0,985.0,0.1714588534791126,0.1079407866986631,0.2349769202595621,Sí,Sintética,0.187701958243253,0.138665099514058,0.2367388169724479
16301,Ñuble,San Carlos,56782.0,7775.0,0.1369243569248478,0.103947176022058,0.1699015378276376,Sí,Directa y Sintética (Fay-Herriot),0.150668458856357,0.1150089946940105,0.1863279230187036
16302,Ñuble,Coihueco,28817.0,3887.0,0.1348855952670668,0.09217503901779696,0.1775961515163367,Sí,Directa y Sintética (Fay-Herriot),0.2449211644252362,0.1895517997509709,0.3002905290995015
16303,Ñuble,Ñiquén,11543.0,1598.0,0.1384196963915372,0.09054473118958745,0.186294661593487,Sí,Directa y Sintética (Fay-Herriot),0.1916005022450043,0.1177146920392943,0.2654863124507142
16304,Ñuble,San Fabián,4738.0,709.0,0.1495704128715382,0.10002625478281,0.1991145709602664,Sí,Directa y Sintética (Fay-Herriot),0.1503396003108059,0.07914609157347341,0.2215331090481384
16305,Ñuble,San Nicolás,12365.0,1333.0,0.1077681430225962,0.06114581183614375,0.1543904742090486,Sí,Directa y Sintética (Fay-Herriot),0.1971272210960514,0.1242732676590005,0.2699811745331023
